INSERT INTO users (id, name, age) VALUES
  (1, "Harry Potter", 14),
  (2, "Griselda", 20),
  (3, "Naomi", 33),
  (4, "Justice", 40),
  (5, "Patrice", 18),
  (6, "Waldo", 18),
  (7, "Hidalgo", 18),
  (8, "Ophelia", 18),
  (9, "Bim", 66),
  (10, "Felicia", 66),
  (11, "Kamaiyah", 66),
  (12, "Xiao", 66),
  (13, "Cici", 66),
  (14, "Hugo", 77),
  (15, "Diego", 77),
  (16, "Shirley", 77),
  (17, "Pax", 77),
  (18, "Anastasia", 88),
  (19, "Tran", 88),
  (20, "Phoung", 88);

INSERT INTO projects (id, title, category, funding_goal, start_date, end_date) VALUES
  (1, "Kaiser", "Medical", 15000, 2000, 2001),
  (2, "Brown Girl Surf", "Community", 4000, 2012, 2019),
  (3, "Prisoner's Literature Project", "Justice", 7000, 2003, 2020),
  (4, "Phat", "Music", 33008, 2019, 20201),
  (5, "Pharma", "Medical", 100000, 1989, 2001),
  (6, "Pink", "Justice", 77000, 1999, 2030),
  (7, "Whatever", "Community", 710, 2018, 2019),
  (8, "Alice's Project", "Justice", 22000, 1980, 2019),
  (9, "Ella Baker", "Justice", 99080, 2017, 2019),
  (10, "Vote", "Political", 15007, 2016, 2020);

  INSERT INTO pledges (id, amount, user_id, project_id) VALUES
    (1, 70, 1, 10),
    (2, 70, 2, 9),
    (3, 74, 3, 8),
    (4, 70, 4, 6),
    (5, 770, 5, 2),
    (6, 870, 6, 1),
    (7, 1770, 7, 2),
    (8, 73240, 8, 1),
    (9, 4670, 9, 5),
    (10, 7170, 10, 5),
    (11, 20, 11, 7),
    (12, 20, 12, 8),
    (13, 30, 13, 9),
    (14, 70, 14, 10),
    (15, 40, 15, 10),
    (16, 755, 16, 2),
    (17, 44, 17, 3),
    (18, 18, 18, 3),
    (19, 11, 19, 3),
    (20, 12, 1, 4),
    (21, 20, 2, 4),
    (22, 100, 11, 5),
    (23, 10, 13, 7),
    (24, 200, 18, 9),
    (25, 666, 11, 10),
    (26, 23, 1, 10),
    (27, 702, 3, 10),
    (28, 45, 4, 8),
    (29, 89, 7, 6),
    (30, 16, 16, 10);
